{"target_mean": 51.626126126126124, "target_std": 15.09625505844425}