{"target_mean": -0.0366447708317957, "target_std": 0.7074618826443179}