{"target_mean": -0.026586958231731298, "target_std": 0.651315981318785}