{"target_mean": -0.0350929964405675, "target_std": 0.629461462455231}