{"target_mean": 35.09859848022461, "target_std": 13.906495094299316}