{"target_mean": 11.429342269897461, "target_std": 5.2504682540893555}