{"target_mean": -0.8050675014717078, "target_std": 9.625884820145851}