{"target_mean": -0.06357023119926453, "target_std": 8.03632926940918}