{"target_mean": 37.0955810546875, "target_std": 10.281281471252441}