{"target_mean": 8.734564781188965, "target_std": 4.337994575500488}