{"target_mean": 1.5106268011527377, "target_std": 1.3170567611228647}