{"target_mean": 2.0045113636363636, "target_std": 1.7340752676749003}