{"target_mean": 1.8811979293823242, "target_std": 0.8664370775222778}