{"target_mean": 7.589321505131736, "target_std": 11.86354930637276}