{"target_mean": 211.13046264648438, "target_std": 63.4748649597168}