{"target_mean": 3.16426682472229, "target_std": 0.4690712094306946}