{"target_mean": 1.0399274826049805, "target_std": 0.26361724734306335}