{"target_mean": -0.0025364935863763094, "target_std": 0.027849117293953896}