{"target_mean": -0.003560542407667546, "target_std": 0.03401428599103457}