{"target_mean": -0.00253628590144217, "target_std": 0.02790951542556286}