{"target_mean": 5366.7692307692305, "target_std": 8643.262829010868}