{"target_mean": 1.9553818702697754, "target_std": 0.49702274799346924}