{"target_mean": -3.66267466545105, "target_std": 44.9294319152832}