{"target_mean": -2.959012031555176, "target_std": 44.67776870727539}