{"target_mean": -5.119409935242414, "target_std": 52.05932413772249}