{"target_mean": 193.5396270751953, "target_std": 73.75840759277344}