{"target_mean": 11.307342529296875, "target_std": 12.55284309387207}