{"target_mean": 1.5986993312835693, "target_std": 0.7661124467849731}