{"target_mean": 0.1156020537018776, "target_std": 0.031475652009248734}