{"target_mean": 1.1015048731835524, "target_std": 0.23418131880611176}