{"target_mean": 1.0956418554476808, "target_std": 0.23750408636922543}