{"target_mean": 4.831602096557617, "target_std": 1.6277904510498047}