{"target_mean": 110.5755615234375, "target_std": 45.68669128417969}