{"target_mean": -0.060056095190533024, "target_std": 0.5305223975821743}