{"target_mean": -0.026917429640889168, "target_std": 0.4763229191303253}