{"target_mean": -0.019663648679852486, "target_std": 0.4791487753391266}