{"target_mean": -19.353397369384766, "target_std": 3.000199556350708}