{"target_mean": 0.19648723304271698, "target_std": 0.05297795683145523}