{"target_mean": 0.2723371805441055, "target_std": 0.9502899497180674}