{"target_mean": 65.33968353271484, "target_std": 32.43001937866211}