{"target_mean": 48.97792053222656, "target_std": 33.86250305175781}