{"target_mean": 54.70750237416904, "target_std": 13.128359558199719}