{"target_mean": 54.7367055771725, "target_std": 12.933008635401897}