{"target_mean": 57.91370391845703, "target_std": 10.978760719299316}