{"target_mean": 1.2282114028930664, "target_std": 0.6794361472129822}